{
  "project_info": {
    "project_number": "897026882883",
    "project_id": "ambulancetrackingmodule",
    "storage_bucket": "ambulancetrackingmodule.appspot.com"
  },
  "client": [
    {
      "client_info": {
        "mobilesdk_app_id": "1:897026882883:android:f5891334800e2fa295c3f6",
        "android_client_info": {
          "package_name": "com.example.ambulancetrackingmodule"
        }
      },
      "oauth_client": [
        {
          "client_id": "897026882883-8muet5uo27jfsi2ri23pcqgeus5q050k.apps.googleusercontent.com",
          "client_type": 3
        }
      ],
      "api_key": [
        {
          "current_key": "AIzaSyCTU4Zy0kUSWf9J0eC2y6HYEpR6-fJqmhE"
        }
      ],
      "services": {
        "appinvite_service": {
          "other_platform_oauth_client": [
            {
              "client_id": "897026882883-8muet5uo27jfsi2ri23pcqgeus5q050k.apps.googleusercontent.com",
              "client_type": 3
            }
          ]
        }
      }
    }
  ],
  "configuration_version": "1"
}